image_name,label,laser_power_W,scan_speed_mm_s,layer_thickness_mm,hatch_spacing_mm,build_temperature_C
normal_0.png,normal,202.789,752.501,0.0278,0.0945,459.459
normal_1.png,normal,203.534,839.218,0.0259,0.0984,431.192
normal_2.png,normal,194.373,800.536,0.0253,0.094,455.995
normal_3.png,normal,200.899,772.044,0.0309,0.1062,430.26
normal_4.png,normal,206.116,819.814,0.0284,0.0931,468.289
normal_5.png,normal,196.732,759.275,0.026,0.1069,454.149
normal_6.png,normal,206.143,822.973,0.0304,0.1095,445.141
normal_7.png,normal,201.041,832.94,0.0312,0.1072,453.094
normal_8.png,normal,204.091,754.582,0.0273,0.0958,433.192
normal_9.png,normal,194.656,760.1,0.0278,0.1027,444.593
normal_10.png,normal,197.404,770.951,0.0277,0.1087,455.921
normal_11.png,normal,202.183,767.114,0.0323,0.0933,445.178
normal_12.png,normal,209.79,814.0,0.0306,0.1037,463.714
normal_13.png,normal,205.52,772.905,0.0253,0.0963,440.71
normal_14.png,normal,194.22,844.291,0.0338,0.0963,456.218
normal_15.png,normal,197.913,841.455,0.0296,0.0953,439.865
normal_16.png,normal,201.227,776.274,0.0308,0.108,445.976
normal_17.png,normal,194.386,849.754,0.0301,0.0918,431.885
normal_18.png,normal,192.193,812.745,0.0329,0.0984,432.541
normal_19.png,normal,197.632,849.612,0.0303,0.1094,464.431
normal_20.png,normal,190.23,822.072,0.0318,0.1007,440.673
normal_21.png,normal,202.819,761.155,0.0293,0.0991,468.153
normal_22.png,normal,207.517,776.339,0.03,0.0936,466.505
normal_23.png,normal,207.41,779.844,0.0314,0.1022,436.114
normal_24.png,normal,205.25,803.938,0.0328,0.1006,430.023
normal_25.png,normal,196.483,751.948,0.0343,0.1076,463.267
normal_26.png,normal,196.15,755.793,0.0338,0.1089,433.426
normal_27.png,normal,199.72,756.921,0.0326,0.1053,435.136
normal_28.png,normal,199.506,804.98,0.0277,0.1074,446.926
normal_29.png,normal,194.236,803.93,0.0323,0.094,442.469
normal_30.png,normal,209.903,814.988,0.0294,0.1004,434.84
normal_31.png,normal,194.494,783.809,0.0309,0.0946,438.809
normal_32.png,normal,191.42,813.11,0.0273,0.1081,464.385
normal_33.png,normal,191.417,773.8,0.0317,0.0943,435.292
normal_34.png,normal,208.71,807.104,0.0297,0.1057,462.3
normal_35.png,normal,193.808,759.693,0.0293,0.0985,448.681
normal_36.png,normal,204.582,817.336,0.0348,0.092,446.105
normal_37.png,normal,196.786,836.167,0.0275,0.0938,447.945
normal_38.png,normal,198.438,777.855,0.0275,0.1085,447.725
normal_39.png,normal,207.227,805.033,0.0255,0.11,463.441
normal_40.png,normal,209.38,842.637,0.0335,0.0933,449.426
normal_41.png,normal,194.275,790.104,0.0256,0.0976,469.412
normal_42.png,normal,195.304,828.407,0.0296,0.0985,468.293
normal_43.png,normal,209.908,805.577,0.0322,0.0931,441.868
normal_44.png,normal,209.374,807.918,0.0304,0.105,432.287
normal_45.png,normal,201.684,800.285,0.0335,0.0931,468.431
normal_46.png,normal,191.602,768.582,0.031,0.1035,439.408
normal_47.png,normal,192.398,839.029,0.0275,0.1019,454.775
normal_48.png,normal,198.384,808.367,0.0302,0.1087,438.17
normal_49.png,normal,204.324,773.869,0.029,0.1034,442.0
normal_50.png,normal,196.324,825.186,0.0257,0.0992,469.938
normal_51.png,normal,209.922,757.326,0.0271,0.0953,467.33
normal_52.png,normal,207.617,837.927,0.0287,0.0932,463.35
normal_53.png,normal,204.071,811.168,0.0349,0.1031,430.313
normal_54.png,normal,206.342,779.938,0.0316,0.1088,435.372
normal_55.png,normal,192.309,760.704,0.0305,0.0954,454.193
normal_56.png,normal,204.352,770.36,0.0313,0.0953,449.541
normal_57.png,normal,208.107,834.61,0.0259,0.0985,441.067
normal_58.png,normal,190.071,827.112,0.0314,0.0952,459.649
normal_59.png,normal,201.034,792.769,0.0251,0.0915,465.324
normal_60.png,normal,208.079,804.559,0.0333,0.1017,435.924
normal_61.png,normal,192.549,780.826,0.034,0.1059,464.428
normal_62.png,normal,207.978,771.008,0.0275,0.0921,461.205
normal_63.png,normal,207.683,790.638,0.0312,0.0931,467.195
normal_64.png,normal,207.292,847.621,0.0331,0.1076,430.991
normal_65.png,normal,204.731,783.219,0.0343,0.106,464.563
normal_66.png,normal,206.215,776.681,0.0329,0.0922,464.887
normal_67.png,normal,207.172,772.243,0.0332,0.0992,442.208
normal_68.png,normal,205.907,772.76,0.0252,0.0939,443.13
normal_69.png,normal,207.287,846.689,0.0278,0.1028,445.987
normal_70.png,normal,209.623,803.622,0.0344,0.0923,468.816
normal_71.png,normal,193.571,846.253,0.0277,0.0922,447.383
normal_72.png,normal,204.571,781.368,0.0311,0.1002,445.408
normal_73.png,normal,201.532,775.472,0.0321,0.09,467.023
normal_74.png,normal,200.769,821.943,0.0324,0.1034,444.569
normal_75.png,normal,191.399,816.424,0.0283,0.0963,463.921
normal_76.png,normal,204.395,780.032,0.0281,0.0982,446.096
normal_77.png,normal,195.913,762.729,0.0292,0.1088,457.093
normal_78.png,normal,208.056,811.551,0.028,0.101,430.016
normal_79.png,normal,195.738,792.989,0.0308,0.1031,448.6
normal_80.png,normal,198.843,771.37,0.0297,0.108,461.841
normal_81.png,normal,193.394,758.48,0.0302,0.1027,443.408
normal_82.png,normal,206.368,825.114,0.0317,0.0945,437.965
normal_83.png,normal,190.489,774.484,0.0298,0.107,432.913
normal_84.png,normal,198.289,812.977,0.0269,0.1039,449.775
normal_85.png,normal,194.88,815.606,0.0251,0.105,460.802
normal_86.png,normal,192.132,792.515,0.0268,0.1092,450.718
normal_87.png,normal,191.004,774.92,0.0335,0.0991,462.057
normal_88.png,normal,203.352,848.789,0.031,0.109,465.657
normal_89.png,normal,202.253,821.927,0.03,0.1066,451.915
normal_90.png,normal,207.944,824.366,0.0297,0.0952,439.89
normal_91.png,normal,202.753,826.581,0.0302,0.1025,440.984
normal_92.png,normal,191.55,778.573,0.0277,0.0964,451.606
normal_93.png,normal,192.767,773.126,0.0319,0.1041,432.569
normal_94.png,normal,198.152,804.261,0.0292,0.0941,446.806
normal_95.png,normal,208.097,808.408,0.032,0.1071,460.624
normal_96.png,normal,197.608,750.59,0.0285,0.1051,464.138
normal_97.png,normal,209.069,791.902,0.0325,0.1009,454.13
normal_98.png,normal,194.411,771.942,0.0294,0.0906,443.445
normal_99.png,normal,203.583,790.432,0.0267,0.0993,435.105
normal_100.png,normal,202.445,752.697,0.0289,0.1013,431.084
normal_101.png,normal,202.855,763.57,0.0296,0.091,445.164
normal_102.png,normal,194.233,782.685,0.0326,0.0976,460.08
normal_103.png,normal,206.638,775.227,0.0258,0.0904,451.577
normal_104.png,normal,209.998,784.996,0.0315,0.1056,456.07
normal_105.png,normal,205.085,844.961,0.027,0.0904,436.095
normal_106.png,normal,192.524,816.946,0.0306,0.0944,457.979
normal_107.png,normal,205.338,766.779,0.0311,0.105,434.581
normal_108.png,normal,206.386,846.472,0.0261,0.0905,442.478
normal_109.png,normal,203.547,845.817,0.029,0.1043,433.04
normal_110.png,normal,203.812,812.724,0.026,0.1054,464.012
normal_111.png,normal,202.008,762.106,0.0348,0.1057,443.888
normal_112.png,normal,198.568,787.057,0.0301,0.0968,463.983
normal_113.png,normal,206.447,760.554,0.0346,0.1027,463.148
normal_114.png,normal,204.146,793.549,0.0323,0.1093,440.803
normal_115.png,normal,206.164,803.817,0.0298,0.0987,459.241
normal_116.png,normal,195.368,835.171,0.0333,0.0917,465.265
normal_117.png,normal,194.877,796.471,0.0311,0.0976,431.148
normal_118.png,normal,207.019,768.184,0.0271,0.106,443.614
normal_119.png,normal,207.606,820.118,0.0278,0.0902,467.923
normal_120.png,normal,191.712,822.007,0.0299,0.1052,457.624
normal_121.png,normal,202.918,799.082,0.0329,0.0919,438.864
normal_122.png,normal,203.836,780.621,0.0308,0.0995,451.237
normal_123.png,normal,198.51,824.594,0.0283,0.1041,440.837
normal_124.png,normal,195.028,762.066,0.0269,0.0924,451.435
normal_125.png,normal,205.244,768.515,0.0272,0.0997,458.983
normal_126.png,normal,209.532,802.464,0.0278,0.092,437.765
normal_127.png,normal,194.55,767.944,0.0251,0.1007,440.972
normal_128.png,normal,209.486,805.336,0.032,0.0925,464.738
normal_129.png,normal,199.818,837.272,0.0307,0.0994,447.619
normal_130.png,normal,193.687,755.138,0.0344,0.0996,462.885
normal_131.png,normal,198.014,757.408,0.0313,0.0911,435.968
normal_132.png,normal,201.257,780.384,0.0349,0.0924,460.578
normal_133.png,normal,202.126,829.074,0.0273,0.1005,448.021
normal_134.png,normal,198.854,836.017,0.0349,0.0961,454.841
normal_135.png,normal,202.193,824.009,0.0345,0.0942,438.441
normal_136.png,normal,203.209,765.706,0.0267,0.0915,430.107
normal_137.png,normal,199.01,809.381,0.0279,0.0946,458.278
normal_138.png,normal,204.06,795.403,0.0319,0.1085,461.513
normal_139.png,normal,202.501,816.118,0.0343,0.0985,451.782
normal_140.png,normal,202.953,840.841,0.0333,0.0914,436.637
normal_141.png,normal,196.152,824.896,0.0307,0.0958,434.974
normal_142.png,normal,203.774,819.973,0.0344,0.1,449.752
normal_143.png,normal,191.609,753.986,0.0293,0.0964,440.015
normal_144.png,normal,191.827,846.191,0.0334,0.1015,468.031
normal_145.png,normal,209.991,817.228,0.0277,0.0908,460.251
normal_146.png,normal,199.41,815.151,0.0342,0.0936,453.413
normal_147.png,normal,202.696,799.173,0.0259,0.097,443.332
normal_148.png,normal,203.403,835.773,0.0283,0.1039,441.529
normal_149.png,normal,208.904,831.357,0.0305,0.0991,442.581
normal_150.png,normal,196.465,847.018,0.029,0.1003,469.525
normal_151.png,normal,203.153,804.259,0.0291,0.0938,444.471
normal_152.png,normal,205.129,812.541,0.0326,0.0941,451.969
normal_153.png,normal,208.553,793.812,0.032,0.0924,468.926
normal_154.png,normal,202.177,773.93,0.0266,0.101,452.09
normal_155.png,normal,191.864,849.226,0.0341,0.0992,434.699
normal_156.png,normal,206.643,799.838,0.0322,0.1002,440.937
normal_157.png,normal,206.694,848.024,0.0274,0.101,445.343
normal_158.png,normal,208.437,800.824,0.0338,0.1073,441.05
normal_159.png,normal,205.8,791.494,0.0343,0.1002,462.822
normal_160.png,normal,195.657,779.856,0.0309,0.11,449.586
normal_161.png,normal,192.972,803.858,0.0285,0.101,451.737
normal_162.png,normal,199.107,782.178,0.0269,0.1039,452.872
normal_163.png,normal,194.671,827.554,0.0254,0.1049,458.209
normal_164.png,normal,206.228,788.608,0.0316,0.1064,469.233
normal_165.png,normal,199.907,753.702,0.03,0.1018,464.788
normal_166.png,normal,207.484,794.031,0.0303,0.0991,458.898
normal_167.png,normal,198.2,815.478,0.0265,0.0994,468.768
normal_168.png,normal,196.771,819.27,0.0315,0.107,464.094
normal_169.png,normal,207.187,788.001,0.0282,0.1044,460.376
normal_170.png,normal,207.448,753.59,0.0257,0.1026,466.837
normal_171.png,normal,209.949,824.677,0.0293,0.092,455.35
normal_172.png,normal,207.452,794.368,0.0319,0.1081,431.84
normal_173.png,normal,205.923,779.337,0.0287,0.0929,451.247
normal_174.png,normal,201.319,829.252,0.0267,0.0916,464.834
normal_175.png,normal,202.394,774.083,0.0341,0.0929,448.446
normal_176.png,normal,195.08,775.533,0.0251,0.1061,466.048
normal_177.png,normal,203.552,765.798,0.0294,0.0969,453.503
normal_178.png,normal,202.779,792.431,0.0275,0.1069,437.969
normal_179.png,normal,197.694,798.321,0.0274,0.1014,452.992
normal_180.png,normal,209.854,779.523,0.0348,0.1032,440.979
normal_181.png,normal,201.319,818.58,0.0324,0.091,454.256
normal_182.png,normal,199.935,840.416,0.0279,0.106,454.283
normal_183.png,normal,197.046,813.662,0.0312,0.1036,458.837
normal_184.png,normal,203.184,833.834,0.0313,0.1081,455.854
normal_185.png,normal,196.179,794.082,0.0308,0.1046,433.605
normal_186.png,normal,195.902,824.748,0.0268,0.0926,451.576
normal_187.png,normal,209.43,803.085,0.0341,0.1066,440.279
normal_188.png,normal,206.494,798.185,0.0331,0.1049,443.549
normal_189.png,normal,192.303,846.289,0.0264,0.1093,464.406
normal_190.png,normal,204.484,847.994,0.0347,0.1061,444.631
normal_191.png,normal,205.814,751.392,0.0304,0.0991,456.913
normal_192.png,normal,203.447,808.456,0.0332,0.1088,434.334
normal_193.png,normal,194.676,752.502,0.0338,0.1012,466.61
normal_194.png,normal,194.427,756.322,0.0332,0.1082,442.088
normal_195.png,normal,198.166,763.978,0.0345,0.0961,449.705
normal_196.png,normal,191.944,838.726,0.0264,0.0991,456.819
normal_197.png,normal,204.863,844.597,0.0292,0.1048,436.181
normal_198.png,normal,198.298,759.902,0.0299,0.0982,468.061
normal_199.png,normal,190.654,787.053,0.0294,0.109,464.218
normal_200.png,normal,191.987,818.568,0.0304,0.1096,444.347
normal_201.png,normal,197.963,768.981,0.0262,0.107,448.189
normal_202.png,normal,203.255,814.17,0.031,0.0904,461.472
normal_203.png,normal,194.871,762.592,0.0306,0.0914,460.606
normal_204.png,normal,194.143,771.595,0.0337,0.0966,435.902
normal_205.png,normal,208.011,750.284,0.0336,0.0929,435.2
normal_206.png,normal,195.013,767.45,0.0316,0.0905,430.594
normal_207.png,normal,205.8,773.793,0.0282,0.0935,432.096
normal_208.png,normal,204.834,802.609,0.0325,0.0995,461.121
normal_209.png,normal,200.265,760.905,0.03,0.1089,431.735
normal_210.png,normal,205.665,836.698,0.0302,0.0992,468.561
normal_211.png,normal,191.217,797.898,0.029,0.1037,449.611
normal_212.png,normal,208.194,757.349,0.0258,0.1022,432.627
normal_213.png,normal,195.5,813.308,0.0305,0.0965,469.785
normal_214.png,normal,200.611,795.372,0.0311,0.092,458.071
normal_215.png,normal,207.056,815.092,0.0327,0.1044,438.601
normal_216.png,normal,199.031,772.849,0.0284,0.0991,446.64
normal_217.png,normal,191.902,792.676,0.0317,0.0975,436.106
normal_218.png,normal,208.46,756.713,0.0333,0.0919,433.863
normal_219.png,normal,204.776,831.177,0.0306,0.1017,452.463
normal_220.png,normal,196.593,762.223,0.0285,0.1033,460.011
normal_221.png,normal,207.362,822.106,0.0347,0.102,444.066
normal_222.png,normal,201.558,771.274,0.0316,0.0945,434.329
normal_223.png,normal,206.907,786.756,0.0326,0.1015,462.289
normal_224.png,normal,206.903,847.455,0.0332,0.1023,455.708
normal_225.png,normal,190.525,842.908,0.0333,0.0953,437.217
normal_226.png,normal,204.054,780.898,0.0284,0.0901,464.795
normal_227.png,normal,201.326,790.078,0.0264,0.1027,431.226
normal_228.png,normal,204.922,771.513,0.0292,0.0968,444.802
normal_229.png,normal,204.432,827.684,0.0307,0.0917,432.104
normal_230.png,normal,193.148,811.784,0.0317,0.0954,456.478
normal_231.png,normal,199.713,794.204,0.0277,0.1051,434.553
normal_232.png,normal,198.598,778.325,0.0318,0.0997,456.685
normal_233.png,normal,190.908,789.526,0.031,0.0902,442.057
normal_234.png,normal,194.225,763.723,0.0276,0.0966,430.309
normal_235.png,normal,204.94,767.569,0.0288,0.1041,450.01
normal_236.png,normal,206.667,830.62,0.0257,0.1072,431.692
normal_237.png,normal,190.375,842.116,0.0336,0.1015,452.936
normal_238.png,normal,204.19,791.769,0.0262,0.0904,442.991
normal_239.png,normal,206.026,811.813,0.0333,0.1084,433.525
normal_240.png,normal,206.89,774.332,0.0309,0.1005,445.831
normal_241.png,normal,196.205,783.951,0.0283,0.0934,450.419
normal_242.png,normal,192.281,800.995,0.0341,0.097,459.095
normal_243.png,normal,206.379,831.504,0.0274,0.0929,437.891
normal_244.png,normal,202.048,826.022,0.0316,0.0935,460.914
normal_245.png,normal,199.882,825.445,0.0326,0.099,466.966
normal_246.png,normal,201.29,813.53,0.0312,0.1073,455.089
normal_247.png,normal,193.019,756.829,0.0294,0.0961,440.987
normal_248.png,normal,191.123,800.734,0.0281,0.099,432.276
normal_249.png,normal,206.634,757.673,0.0336,0.1071,454.6
normal_250.png,normal,200.141,796.271,0.0305,0.1058,465.835
normal_251.png,normal,198.995,830.982,0.0315,0.0964,449.025
normal_252.png,normal,193.017,756.187,0.026,0.108,443.738
normal_253.png,normal,204.286,800.455,0.0267,0.095,447.51
normal_254.png,normal,198.788,802.275,0.0266,0.0975,441.316
normal_255.png,normal,198.175,783.837,0.031,0.1058,455.892
normal_256.png,normal,191.318,759.451,0.0318,0.0957,458.949
normal_257.png,normal,203.131,840.634,0.0337,0.0967,453.31
normal_258.png,normal,192.829,784.982,0.0347,0.104,445.678
normal_259.png,normal,201.901,843.8,0.0281,0.0975,461.666
normal_260.png,normal,206.264,817.012,0.0333,0.1048,457.417
normal_261.png,normal,200.528,814.602,0.0292,0.0972,444.504
normal_262.png,normal,193.605,771.419,0.0345,0.0997,439.062
normal_263.png,normal,192.751,757.717,0.0334,0.092,460.835
normal_264.png,normal,206.702,838.368,0.0254,0.0967,460.652
normal_265.png,normal,192.621,787.672,0.0266,0.1066,460.844
normal_266.png,normal,206.181,766.554,0.0294,0.0982,457.055
normal_267.png,normal,194.751,794.42,0.0278,0.105,447.957
normal_268.png,normal,200.68,780.947,0.0331,0.0994,463.405
normal_269.png,normal,197.357,844.713,0.0348,0.0992,441.271
normal_270.png,normal,197.637,802.746,0.0347,0.1063,462.05
normal_271.png,normal,192.768,775.0,0.0314,0.1075,452.182
normal_272.png,normal,192.052,834.589,0.0335,0.0957,460.525
normal_273.png,normal,195.456,840.531,0.0265,0.0987,467.857
normal_274.png,normal,194.441,795.113,0.0285,0.0905,432.13
normal_275.png,normal,200.04,773.578,0.0349,0.0975,431.128
normal_276.png,normal,208.617,833.918,0.0315,0.1058,435.504
normal_277.png,normal,195.738,832.976,0.032,0.0928,458.221
normal_278.png,normal,198.972,750.525,0.0258,0.0951,463.399
normal_279.png,normal,200.976,822.723,0.0303,0.0922,441.524
normal_280.png,normal,196.023,754.775,0.0292,0.1059,448.285
normal_281.png,normal,192.217,840.515,0.031,0.0903,450.615
normal_282.png,normal,194.839,764.358,0.0293,0.1023,439.623
normal_283.png,normal,198.331,816.437,0.0259,0.1095,432.707
normal_284.png,normal,200.521,800.733,0.0349,0.1011,445.618
normal_285.png,normal,199.403,813.567,0.0348,0.0951,430.65
normal_286.png,normal,205.77,784.48,0.0323,0.1026,460.86
normal_287.png,normal,204.704,783.252,0.0254,0.1009,462.54
normal_288.png,normal,193.502,827.914,0.0296,0.1039,455.269
normal_289.png,normal,206.23,756.31,0.0328,0.0992,441.738
normal_290.png,normal,190.876,769.947,0.0254,0.1087,450.615
normal_291.png,normal,209.782,804.303,0.0275,0.1051,437.644
normal_292.png,normal,197.139,828.084,0.0337,0.0966,434.979
normal_293.png,normal,197.36,838.949,0.0324,0.1079,445.466
normal_294.png,normal,209.474,799.62,0.03,0.1085,450.771
normal_295.png,normal,206.023,822.708,0.0258,0.102,462.894
normal_296.png,normal,200.909,782.121,0.0258,0.1032,442.26
normal_297.png,normal,202.052,792.612,0.0319,0.097,431.694
normal_298.png,normal,207.401,785.256,0.035,0.0955,469.201
normal_299.png,normal,208.958,757.504,0.0314,0.0973,462.044
normal_300.png,normal,203.588,845.279,0.0264,0.1022,461.252
normal_301.png,normal,190.696,756.723,0.0328,0.0973,445.314
normal_302.png,normal,201.345,810.509,0.0318,0.109,444.881
normal_303.png,normal,205.262,807.392,0.0303,0.098,455.982
normal_304.png,normal,194.992,761.345,0.0324,0.1,445.479
normal_305.png,normal,201.233,776.178,0.0276,0.0989,469.855
normal_306.png,normal,195.712,841.648,0.0299,0.0925,464.113
normal_307.png,normal,199.041,839.868,0.0295,0.0918,457.277
normal_308.png,normal,206.91,781.959,0.0285,0.0913,451.687
normal_309.png,normal,207.827,835.136,0.0321,0.1085,455.508
normal_310.png,normal,205.874,800.876,0.0262,0.094,435.555
normal_311.png,normal,205.807,752.628,0.0305,0.0974,462.146
normal_312.png,normal,201.033,811.195,0.0259,0.0962,469.984
normal_313.png,normal,204.377,802.57,0.0327,0.1065,432.95
normal_314.png,normal,209.448,814.234,0.0295,0.1036,443.781
normal_315.png,normal,207.559,828.026,0.0314,0.0936,468.651
normal_316.png,normal,198.652,841.071,0.0256,0.0925,436.121
normal_317.png,normal,193.293,782.266,0.0321,0.0969,467.636
normal_318.png,normal,207.899,834.593,0.0275,0.1027,452.034
normal_319.png,normal,192.503,780.282,0.0303,0.1001,436.745
normal_320.png,normal,208.832,765.419,0.0316,0.1044,454.206
normal_321.png,normal,206.851,806.362,0.0333,0.0906,431.818
normal_322.png,normal,202.829,807.677,0.0315,0.1053,446.663
normal_323.png,normal,202.78,799.804,0.0313,0.0958,468.266
normal_324.png,normal,199.659,830.469,0.0318,0.0959,432.919
normal_325.png,normal,191.198,793.961,0.0298,0.0941,454.266
normal_326.png,normal,196.252,821.836,0.0323,0.1072,469.015
normal_327.png,normal,192.615,787.054,0.0306,0.0964,448.659
normal_328.png,normal,195.349,774.792,0.026,0.0958,445.366
normal_329.png,normal,202.308,774.827,0.0337,0.0932,443.097
normal_330.png,normal,201.554,781.271,0.0326,0.1,450.589
normal_331.png,normal,199.975,780.854,0.0252,0.1089,450.218
normal_332.png,normal,209.334,771.514,0.0285,0.091,449.796
normal_333.png,normal,207.647,815.426,0.0297,0.1007,463.887
normal_334.png,normal,198.619,838.246,0.0323,0.1053,444.637
normal_335.png,normal,198.012,807.028,0.0269,0.1011,432.941
normal_336.png,normal,200.085,826.44,0.0278,0.1098,457.216
normal_337.png,normal,192.376,847.508,0.0289,0.1059,443.563
normal_338.png,normal,208.779,825.497,0.027,0.1002,450.003
normal_339.png,normal,190.906,763.704,0.0283,0.0995,448.28
normal_340.png,normal,202.125,801.551,0.0283,0.1023,436.5
normal_341.png,normal,209.812,823.932,0.028,0.0967,463.132
normal_342.png,normal,200.647,820.874,0.028,0.1063,444.734
normal_343.png,normal,203.476,847.99,0.0308,0.1059,459.013
normal_344.png,normal,203.761,752.665,0.0297,0.1093,461.316
normal_345.png,normal,205.523,807.763,0.0322,0.1017,436.82
normal_346.png,normal,202.581,811.974,0.0334,0.093,457.229
normal_347.png,normal,190.631,844.821,0.0261,0.0904,442.548
normal_348.png,normal,193.029,819.05,0.0291,0.1055,466.821
normal_349.png,normal,207.456,823.584,0.0256,0.0928,438.294
normal_350.png,normal,196.501,816.223,0.0303,0.0963,436.927
normal_351.png,normal,208.242,784.233,0.0285,0.1054,458.837
normal_352.png,normal,202.866,819.331,0.0311,0.0938,439.861
normal_353.png,normal,201.162,772.487,0.0347,0.096,441.56
normal_354.png,normal,194.146,820.499,0.0282,0.097,467.348
normal_355.png,normal,205.908,777.346,0.0262,0.1035,445.188
normal_356.png,normal,209.603,831.838,0.0345,0.1061,441.618
normal_357.png,normal,195.753,821.414,0.0285,0.0988,440.258
normal_358.png,normal,199.582,770.207,0.0304,0.1087,457.847
normal_359.png,normal,192.745,811.568,0.0309,0.0948,456.793
normal_360.png,normal,200.621,813.794,0.0255,0.0983,458.694
normal_361.png,normal,192.011,827.077,0.0251,0.101,467.164
normal_362.png,normal,198.138,843.503,0.0338,0.0995,437.978
normal_363.png,normal,209.278,782.117,0.0315,0.1082,433.578
normal_364.png,normal,201.483,803.515,0.0322,0.1087,466.529
normal_365.png,normal,193.501,838.224,0.0268,0.1084,469.887
normal_366.png,normal,197.94,799.538,0.0344,0.1092,467.042
normal_367.png,normal,207.535,750.927,0.0307,0.0921,469.32
normal_368.png,normal,195.691,848.91,0.0304,0.0999,467.542
normal_369.png,normal,207.021,796.802,0.0269,0.0923,436.5
normal_370.png,normal,199.178,775.726,0.0269,0.1047,461.631
normal_371.png,normal,201.356,825.728,0.0268,0.1071,465.882
normal_372.png,normal,206.54,801.528,0.0259,0.1034,437.391
normal_373.png,normal,192.812,782.36,0.0275,0.0952,439.421
normal_374.png,normal,205.075,845.403,0.028,0.1045,430.457
normal_375.png,normal,203.074,819.277,0.0256,0.0924,442.272
normal_376.png,normal,198.108,800.252,0.034,0.1041,442.439
normal_377.png,normal,192.348,841.613,0.028,0.1023,438.765
normal_378.png,normal,192.671,765.319,0.0325,0.1021,446.634
normal_379.png,normal,200.985,797.083,0.0304,0.1033,438.736
normal_380.png,normal,194.949,825.474,0.0337,0.0916,447.87
normal_381.png,normal,204.075,757.81,0.0306,0.0912,451.906
normal_382.png,normal,200.11,807.27,0.0265,0.0966,450.814
normal_383.png,normal,192.325,770.54,0.0308,0.0918,450.415
normal_384.png,normal,206.174,795.343,0.0301,0.0991,432.309
normal_385.png,normal,199.248,830.692,0.0322,0.0979,462.658
normal_386.png,normal,204.916,807.831,0.0255,0.0969,432.55
normal_387.png,normal,209.882,843.458,0.0257,0.1087,431.269
normal_388.png,normal,198.177,826.897,0.0327,0.1096,455.835
normal_389.png,normal,198.407,849.286,0.0288,0.1074,466.271
normal_390.png,normal,197.513,818.273,0.0316,0.1008,456.141
normal_391.png,normal,196.955,767.847,0.0304,0.1006,459.114
normal_392.png,normal,194.454,750.347,0.0252,0.096,456.94
normal_393.png,normal,200.889,803.193,0.0332,0.095,443.846
normal_394.png,normal,195.513,843.741,0.0323,0.0923,462.379
normal_395.png,normal,198.385,826.605,0.0338,0.0903,438.243
normal_396.png,normal,192.018,753.358,0.031,0.1041,431.947
normal_397.png,normal,204.811,790.227,0.0273,0.0943,464.549
normal_398.png,normal,191.129,800.39,0.0279,0.1063,459.261
normal_399.png,normal,196.378,809.792,0.0317,0.0964,442.071
normal_400.png,normal,192.865,816.021,0.0272,0.096,432.438
normal_401.png,normal,208.97,837.971,0.0341,0.1025,447.088
normal_402.png,normal,199.912,847.229,0.0344,0.1034,461.432
normal_403.png,normal,196.375,791.632,0.0265,0.0975,460.177
normal_404.png,normal,199.47,834.934,0.028,0.1042,462.231
normal_405.png,normal,208.295,806.239,0.0347,0.1011,435.364
normal_406.png,normal,194.857,770.334,0.0315,0.1084,463.885
normal_407.png,normal,191.849,822.458,0.0269,0.0954,456.947
normal_408.png,normal,202.058,837.362,0.0269,0.1052,458.972
normal_409.png,normal,201.177,797.939,0.0337,0.0967,468.281
normal_410.png,normal,190.307,843.716,0.0346,0.0923,469.983
normal_411.png,normal,199.578,774.259,0.031,0.0941,466.605
normal_412.png,normal,201.042,827.551,0.0288,0.1007,444.37
normal_413.png,normal,195.231,801.282,0.03,0.092,469.253
normal_414.png,normal,199.39,833.973,0.0341,0.0974,446.557
normal_415.png,normal,201.25,772.127,0.0265,0.0952,467.39
normal_416.png,normal,201.583,791.758,0.0265,0.0966,445.194
normal_417.png,normal,206.667,799.93,0.0315,0.1037,440.293
normal_418.png,normal,206.432,846.651,0.0314,0.0998,436.729
normal_419.png,normal,205.9,766.927,0.0322,0.0998,466.676
normal_420.png,normal,200.843,814.181,0.0256,0.0907,463.868
normal_421.png,normal,208.904,816.822,0.0326,0.0982,463.702
normal_422.png,normal,194.629,820.717,0.0251,0.1001,444.928
normal_423.png,normal,202.357,816.675,0.0312,0.0997,449.514
normal_424.png,normal,190.132,805.164,0.0251,0.1006,440.99
normal_425.png,normal,209.55,751.714,0.0331,0.1035,462.247
normal_426.png,normal,208.195,760.702,0.026,0.093,437.677
normal_427.png,normal,200.529,831.521,0.0277,0.0979,444.922
normal_428.png,normal,198.121,806.5,0.0349,0.0945,457.362
normal_429.png,normal,206.957,815.374,0.0336,0.1052,433.74
normal_430.png,normal,197.585,805.27,0.0256,0.0902,436.855
normal_431.png,normal,199.997,793.391,0.0328,0.1013,464.318
normal_432.png,normal,191.907,802.816,0.0254,0.0942,464.725
normal_433.png,normal,207.751,797.55,0.0255,0.0915,467.023
normal_434.png,normal,207.986,806.351,0.0253,0.1086,442.579
normal_435.png,normal,209.229,808.704,0.0325,0.1043,445.932
normal_436.png,normal,191.539,766.245,0.0274,0.1067,445.566
normal_437.png,normal,207.931,783.173,0.0326,0.0928,469.539
normal_438.png,normal,204.483,800.079,0.0347,0.0911,447.484
normal_439.png,normal,206.773,784.059,0.0327,0.1091,445.868
normal_440.png,normal,205.471,752.963,0.0277,0.1099,449.624
normal_441.png,normal,197.116,844.114,0.0293,0.1036,456.427
normal_442.png,normal,191.714,811.862,0.033,0.1043,433.282
normal_443.png,normal,193.084,821.168,0.0313,0.1048,442.667
normal_444.png,normal,192.131,750.52,0.0281,0.0972,440.791
normal_445.png,normal,192.65,768.739,0.0295,0.1011,446.322
normal_446.png,normal,190.525,785.391,0.0259,0.102,442.977
normal_447.png,normal,197.705,779.185,0.0289,0.0917,466.045
normal_448.png,normal,208.104,847.817,0.0307,0.0934,445.229
normal_449.png,normal,192.777,780.113,0.0299,0.0913,447.387
normal_450.png,normal,198.422,798.423,0.0258,0.095,439.864
normal_451.png,normal,202.501,809.381,0.027,0.0921,442.186
normal_452.png,normal,208.976,783.222,0.0312,0.1061,443.182
normal_453.png,normal,196.695,831.548,0.0336,0.1095,435.445
normal_454.png,normal,196.413,844.728,0.027,0.0963,468.583
normal_455.png,normal,209.375,779.145,0.0319,0.0998,453.035
normal_456.png,normal,194.848,787.606,0.0332,0.0979,434.556
normal_457.png,normal,201.277,809.223,0.0305,0.1036,452.004
normal_458.png,normal,209.06,796.162,0.0321,0.0988,441.653
normal_459.png,normal,203.857,831.897,0.033,0.0982,449.972
normal_460.png,normal,202.667,774.202,0.0316,0.1043,461.563
normal_461.png,normal,191.479,849.07,0.0298,0.098,450.265
normal_462.png,normal,208.408,819.171,0.0304,0.1058,444.381
normal_463.png,normal,207.91,803.691,0.0314,0.0917,460.758
normal_464.png,normal,203.152,785.501,0.0315,0.0909,469.344
normal_465.png,normal,203.549,789.962,0.0325,0.1093,447.218
normal_466.png,normal,190.211,775.874,0.0301,0.1004,453.221
normal_467.png,normal,201.505,794.578,0.0289,0.1054,453.544
normal_468.png,normal,200.009,784.497,0.0252,0.0921,446.639
normal_469.png,normal,209.235,761.607,0.0344,0.0928,442.476
normal_470.png,normal,199.107,770.687,0.0298,0.0995,447.527
normal_471.png,normal,203.935,781.891,0.028,0.1062,434.603
normal_472.png,normal,206.984,814.797,0.0318,0.0933,469.356
normal_473.png,normal,194.878,767.445,0.0266,0.1012,468.339
normal_474.png,normal,194.637,790.505,0.0268,0.1028,447.285
normal_475.png,normal,190.584,811.411,0.027,0.1018,445.553
normal_476.png,normal,204.095,770.578,0.0325,0.1062,432.503
normal_477.png,normal,192.035,837.198,0.0269,0.0965,448.302
normal_478.png,normal,195.247,836.264,0.0303,0.1028,453.879
normal_479.png,normal,202.226,808.7,0.0285,0.1069,454.695
normal_480.png,normal,206.275,820.599,0.028,0.1023,433.39
normal_481.png,normal,192.679,761.786,0.0281,0.0937,457.737
normal_482.png,normal,200.216,791.824,0.0264,0.0977,437.43
normal_483.png,normal,202.71,819.343,0.0315,0.11,452.197
normal_484.png,normal,199.793,764.03,0.0281,0.099,432.144
normal_485.png,normal,197.181,750.958,0.0264,0.1063,468.553
normal_486.png,normal,200.109,799.497,0.0318,0.0983,463.596
normal_487.png,normal,199.774,758.267,0.0253,0.1052,441.684
normal_488.png,normal,195.497,803.761,0.0267,0.0991,459.701
normal_489.png,normal,205.318,804.973,0.0261,0.0923,461.005
normal_490.png,normal,206.466,786.686,0.0332,0.0908,458.759
normal_491.png,normal,200.927,848.978,0.026,0.1066,460.054
normal_492.png,normal,195.954,849.931,0.0295,0.097,462.669
normal_493.png,normal,198.781,849.396,0.0328,0.0947,462.428
normal_494.png,normal,201.758,785.063,0.0321,0.1027,436.639
normal_495.png,normal,192.785,770.662,0.0271,0.0912,444.033
normal_496.png,normal,195.622,803.877,0.0282,0.1041,441.573
normal_497.png,normal,195.347,835.802,0.0349,0.1036,433.809
normal_498.png,normal,209.255,828.569,0.0342,0.1098,464.682
normal_499.png,normal,192.538,836.608,0.0275,0.1042,463.139
normal_500.png,normal,205.229,817.623,0.0299,0.1015,440.749
normal_501.png,normal,198.285,795.199,0.0313,0.1076,433.724
normal_502.png,normal,200.312,777.823,0.0344,0.0974,468.01
normal_503.png,normal,196.546,750.247,0.0327,0.1047,459.237
normal_504.png,normal,199.169,816.414,0.0286,0.0913,451.377
normal_505.png,normal,194.357,792.964,0.0271,0.0954,463.134
normal_506.png,normal,196.755,807.793,0.0307,0.0997,443.75
normal_507.png,normal,203.651,754.841,0.026,0.1057,448.383
normal_508.png,normal,192.485,835.765,0.0294,0.09,468.321
normal_509.png,normal,194.046,818.859,0.0263,0.103,436.359
normal_510.png,normal,208.655,777.402,0.0315,0.095,444.874
normal_511.png,normal,208.076,766.553,0.029,0.0961,457.978
normal_512.png,normal,194.683,815.549,0.032,0.09,449.072
normal_513.png,normal,192.654,772.619,0.0318,0.0902,457.824
normal_514.png,normal,206.342,848.815,0.0292,0.0926,432.833
normal_515.png,normal,197.661,823.076,0.026,0.0963,465.24
normal_516.png,normal,192.743,827.346,0.0325,0.0927,469.718
normal_517.png,normal,192.857,803.051,0.0251,0.103,447.604
normal_518.png,normal,204.449,812.808,0.0265,0.0982,457.463
normal_519.png,normal,207.199,758.669,0.026,0.105,453.583
normal_520.png,normal,197.681,846.325,0.0281,0.0928,441.079
normal_521.png,normal,191.685,805.34,0.031,0.1022,461.159
normal_522.png,normal,203.81,834.789,0.0316,0.096,450.71
normal_523.png,normal,200.19,824.784,0.028,0.0911,465.917
normal_524.png,normal,209.093,799.489,0.0261,0.1,453.757
normal_525.png,normal,200.566,847.77,0.0349,0.1087,435.279
normal_526.png,normal,207.216,806.838,0.0287,0.1037,460.509
normal_527.png,normal,209.089,827.037,0.0252,0.0914,440.487
normal_528.png,normal,190.797,756.047,0.0329,0.1001,455.143
normal_529.png,normal,200.021,791.543,0.032,0.0916,451.463
normal_530.png,normal,202.321,777.747,0.0281,0.1002,438.128
normal_531.png,normal,206.161,803.639,0.0289,0.1027,463.381
normal_532.png,normal,203.621,756.612,0.032,0.1046,463.859
normal_533.png,normal,191.158,758.621,0.0293,0.0991,454.353
normal_534.png,normal,196.186,824.169,0.0324,0.0924,458.316
normal_535.png,normal,204.03,766.383,0.0345,0.1005,461.319
normal_536.png,normal,204.415,766.696,0.0263,0.1056,440.751
normal_537.png,normal,207.728,827.143,0.0253,0.1061,440.879
normal_538.png,normal,191.277,821.232,0.0308,0.0915,448.208
normal_539.png,normal,197.202,799.961,0.0307,0.0974,440.205
normal_540.png,normal,192.058,807.391,0.0322,0.0946,450.353
normal_541.png,normal,190.881,836.293,0.0274,0.0994,445.319
normal_542.png,normal,193.002,843.116,0.0336,0.1011,466.558
normal_543.png,normal,204.813,791.937,0.0282,0.0983,458.812
normal_544.png,normal,195.425,757.789,0.0287,0.1,466.078
normal_545.png,normal,193.587,830.434,0.0348,0.1091,432.757
normal_546.png,normal,199.302,778.231,0.0334,0.0965,452.124
normal_547.png,normal,190.159,770.067,0.0306,0.0961,454.909
normal_548.png,normal,199.279,809.169,0.0299,0.1055,437.817
normal_549.png,normal,208.009,826.048,0.0275,0.0901,446.401
normal_550.png,normal,194.66,784.642,0.0334,0.1075,468.04
normal_551.png,normal,190.029,815.73,0.0335,0.1045,434.158
normal_552.png,normal,200.596,773.817,0.0299,0.0912,469.878
normal_553.png,normal,204.233,759.303,0.0342,0.1079,450.79
normal_554.png,normal,204.017,787.249,0.0347,0.0917,433.823
normal_555.png,normal,192.67,831.996,0.0257,0.1014,447.399
normal_556.png,normal,209.284,773.677,0.0276,0.0963,462.033
normal_557.png,normal,204.015,823.535,0.0282,0.0954,432.987
normal_558.png,normal,194.054,827.994,0.0308,0.0931,436.575
normal_559.png,normal,199.321,790.651,0.0304,0.1093,438.305
normal_560.png,normal,196.166,776.501,0.0262,0.0932,457.442
normal_561.png,normal,206.528,819.688,0.0254,0.1067,443.112
normal_562.png,normal,191.824,774.822,0.0286,0.1003,457.087
normal_563.png,normal,195.203,849.068,0.0253,0.0981,448.088
normal_564.png,normal,204.962,774.985,0.0296,0.1061,435.592
normal_565.png,normal,190.239,833.037,0.0348,0.0926,462.947
normal_566.png,normal,197.445,813.03,0.0314,0.1016,440.353
normal_567.png,normal,206.255,752.18,0.0256,0.108,447.737
normal_568.png,normal,192.576,840.508,0.0333,0.0966,431.708
normal_569.png,normal,199.22,766.799,0.0307,0.1064,445.8
normal_570.png,normal,190.59,818.321,0.0267,0.0943,437.486
normal_571.png,normal,195.597,838.342,0.0253,0.1024,439.831
normal_572.png,normal,195.902,791.199,0.0305,0.0912,441.191
normal_573.png,normal,192.745,769.946,0.0338,0.1005,455.23
normal_574.png,normal,206.043,829.485,0.0349,0.1056,444.364
normal_575.png,normal,200.89,798.468,0.0341,0.1,445.535
normal_576.png,normal,193.596,781.888,0.0272,0.1079,461.142
normal_577.png,normal,191.172,849.153,0.0303,0.1053,469.984
normal_578.png,normal,209.48,760.013,0.0316,0.0953,462.651
normal_579.png,normal,208.345,755.591,0.035,0.0944,463.86
normal_580.png,normal,205.948,785.48,0.0334,0.1069,437.044
normal_581.png,normal,201.85,830.621,0.032,0.1083,431.128
normal_582.png,normal,204.011,844.756,0.0306,0.1013,437.529
normal_583.png,normal,209.76,838.163,0.0299,0.0962,449.617
normal_584.png,normal,191.805,773.262,0.0272,0.1005,430.027
normal_585.png,normal,208.358,770.146,0.0263,0.1043,466.751
normal_586.png,normal,206.886,782.359,0.0252,0.1017,466.689
normal_587.png,normal,205.487,834.648,0.0336,0.1092,444.944
normal_588.png,normal,208.838,789.56,0.026,0.096,435.458
normal_589.png,normal,193.15,844.869,0.0329,0.1092,455.967
normal_590.png,normal,193.484,846.874,0.0319,0.1086,461.48
normal_591.png,normal,194.465,808.895,0.0268,0.0961,457.54
normal_592.png,normal,192.547,822.883,0.0345,0.109,445.664
normal_593.png,normal,209.886,846.518,0.0253,0.102,466.842
normal_594.png,normal,209.351,772.09,0.0307,0.1087,435.626
normal_595.png,normal,204.907,773.8,0.0348,0.0934,465.413
normal_596.png,normal,191.775,820.897,0.0314,0.1077,447.865
normal_597.png,normal,195.304,774.954,0.0257,0.0951,434.321
normal_598.png,normal,190.026,788.594,0.0323,0.1094,465.382
normal_599.png,normal,199.862,787.871,0.0305,0.092,449.18
normal_600.png,normal,207.281,815.097,0.0319,0.0933,432.948
normal_601.png,normal,206.915,779.491,0.0282,0.109,432.968
normal_602.png,normal,193.402,787.546,0.0323,0.1009,465.925
normal_603.png,normal,191.862,809.403,0.0311,0.0997,431.24
normal_604.png,normal,208.849,766.5,0.0339,0.0931,434.05
normal_605.png,normal,194.111,768.998,0.032,0.1044,459.199
normal_606.png,normal,195.305,778.152,0.0274,0.091,452.871
normal_607.png,normal,206.797,765.359,0.0286,0.0986,441.782
normal_608.png,normal,203.24,810.022,0.027,0.0905,436.833
normal_609.png,normal,195.836,758.194,0.0334,0.0962,445.899
normal_610.png,normal,199.782,816.104,0.0259,0.1009,437.395
normal_611.png,normal,207.71,786.94,0.0295,0.0953,448.602
normal_612.png,normal,194.525,776.856,0.0256,0.105,456.699
normal_613.png,normal,191.714,784.379,0.0304,0.1094,453.589
normal_614.png,normal,201.072,834.08,0.0332,0.0984,451.421
normal_615.png,normal,207.338,797.482,0.0338,0.0995,433.158
normal_616.png,normal,208.056,821.431,0.03,0.108,462.018
normal_617.png,normal,203.551,812.027,0.0262,0.1051,436.915
normal_618.png,normal,209.687,847.216,0.0331,0.0925,446.935
normal_619.png,normal,209.766,793.539,0.035,0.1025,463.364
normal_620.png,normal,195.158,841.08,0.0341,0.0913,445.524
normal_621.png,normal,197.947,782.613,0.0278,0.0992,464.939
normal_622.png,normal,205.731,812.306,0.0302,0.0984,446.578
normal_623.png,normal,192.964,808.793,0.0326,0.1088,466.997
normal_624.png,normal,201.254,760.099,0.0279,0.1007,443.755
normal_625.png,normal,198.218,788.304,0.0299,0.1022,431.499
normal_626.png,normal,195.508,764.385,0.0311,0.1039,431.551
normal_627.png,normal,207.791,783.149,0.0274,0.1049,466.833
normal_628.png,normal,207.941,752.023,0.0332,0.0961,441.214
normal_629.png,normal,199.832,819.618,0.026,0.1074,435.375
normal_630.png,normal,209.484,794.311,0.0333,0.0954,446.671
normal_631.png,normal,202.911,768.794,0.0271,0.1065,459.638
normal_632.png,normal,205.19,836.719,0.0332,0.1003,436.359
normal_633.png,normal,196.222,800.68,0.0264,0.107,465.173
normal_634.png,normal,190.579,769.276,0.0333,0.1067,439.98
normal_635.png,normal,199.129,841.803,0.032,0.0955,462.94
normal_636.png,normal,200.103,813.541,0.0262,0.0906,444.899
normal_637.png,normal,201.881,767.758,0.0337,0.1017,443.99
normal_638.png,normal,193.27,839.449,0.0325,0.1038,441.403
normal_639.png,normal,197.731,766.291,0.0307,0.1093,464.284
normal_640.png,normal,202.948,817.77,0.0277,0.0982,430.802
normal_641.png,normal,205.606,826.757,0.0251,0.1082,455.895
normal_642.png,normal,202.023,750.846,0.0275,0.1061,442.218
normal_643.png,normal,209.34,814.274,0.0292,0.0975,443.948
normal_644.png,normal,195.04,796.67,0.0318,0.1065,445.886
normal_645.png,normal,192.046,801.151,0.0316,0.1069,444.969
normal_646.png,normal,202.947,810.905,0.028,0.0922,432.553
normal_647.png,normal,209.767,814.059,0.0336,0.0952,458.444
normal_648.png,normal,207.847,779.879,0.0265,0.1053,465.987
normal_649.png,normal,206.109,830.236,0.031,0.1032,457.23
normal_650.png,normal,204.426,815.54,0.035,0.0952,446.743
normal_651.png,normal,197.765,753.532,0.0321,0.1014,437.597
normal_652.png,normal,204.531,772.236,0.0303,0.1057,466.261
normal_653.png,normal,203.437,800.731,0.0335,0.1068,465.06
normal_654.png,normal,193.623,759.76,0.0263,0.0952,462.334
normal_655.png,normal,205.258,768.307,0.0318,0.0967,433.572
normal_656.png,normal,197.106,824.421,0.0281,0.1058,443.253
normal_657.png,normal,195.211,779.405,0.0335,0.0994,464.656
normal_658.png,normal,201.671,844.43,0.0257,0.1078,450.019
normal_659.png,normal,207.35,788.167,0.028,0.0911,464.17
normal_660.png,normal,192.747,770.03,0.0291,0.1014,466.265
normal_661.png,normal,199.151,781.638,0.0322,0.1056,449.503
normal_662.png,normal,202.621,767.682,0.0313,0.0901,440.941
normal_663.png,normal,205.224,766.861,0.0326,0.0998,460.543
normal_664.png,normal,191.761,811.448,0.0313,0.0981,468.613
normal_665.png,normal,197.666,753.773,0.027,0.0975,430.563
normal_666.png,normal,196.444,833.323,0.0269,0.1035,455.067
normal_667.png,normal,194.976,819.352,0.0284,0.0926,445.342
normal_668.png,normal,201.773,766.702,0.0332,0.096,441.633
normal_669.png,normal,204.557,809.637,0.0284,0.1078,469.819
normal_670.png,normal,196.855,840.138,0.0286,0.0938,467.923
normal_671.png,normal,208.364,790.339,0.0273,0.1045,435.248
normal_672.png,normal,204.682,808.969,0.0267,0.0973,456.022
normal_673.png,normal,190.747,837.654,0.0276,0.1007,431.943
normal_674.png,normal,209.894,816.197,0.0315,0.0904,457.59
normal_675.png,normal,198.336,788.025,0.0305,0.0995,436.125
normal_676.png,normal,203.904,813.031,0.028,0.1032,456.499
normal_677.png,normal,195.4,810.563,0.0264,0.1066,434.197
normal_678.png,normal,204.375,761.773,0.0261,0.0921,437.946
normal_679.png,normal,193.995,776.299,0.0302,0.094,458.137
normal_680.png,normal,195.907,753.941,0.03,0.0942,467.325
normal_681.png,normal,196.612,750.274,0.0317,0.1081,463.409
normal_682.png,normal,203.38,764.914,0.0259,0.1002,458.943
normal_683.png,normal,192.026,775.589,0.0273,0.1098,441.841
normal_684.png,normal,199.286,759.981,0.0267,0.0908,441.623
normal_685.png,normal,206.032,781.271,0.0324,0.0919,460.328
normal_686.png,normal,190.918,835.2,0.0316,0.0934,444.301
normal_687.png,normal,198.754,812.181,0.0338,0.0919,462.599
normal_688.png,normal,193.657,790.078,0.0346,0.0954,445.429
normal_689.png,normal,207.013,829.99,0.0315,0.1059,434.522
normal_690.png,normal,203.923,755.865,0.0344,0.0932,446.641
normal_691.png,normal,201.815,830.226,0.0318,0.0936,445.19
normal_692.png,normal,197.172,752.882,0.0318,0.1068,468.938
normal_693.png,normal,192.613,842.04,0.0261,0.0982,431.839
normal_694.png,normal,195.232,781.424,0.032,0.1036,460.701
normal_695.png,normal,201.533,806.501,0.0348,0.1034,443.532
normal_696.png,normal,200.462,820.058,0.026,0.1032,439.943
normal_697.png,normal,196.915,817.63,0.0288,0.1068,452.334
normal_698.png,normal,209.756,755.457,0.0314,0.0931,463.954
normal_699.png,normal,207.037,836.942,0.0257,0.0998,439.636
normal_700.png,normal,209.403,755.035,0.0272,0.1029,446.131
normal_701.png,normal,194.7,795.909,0.033,0.099,464.264
normal_702.png,normal,198.941,761.871,0.03,0.1031,434.106
normal_703.png,normal,198.247,805.713,0.025,0.0918,454.168
normal_704.png,normal,202.381,780.46,0.0301,0.0941,456.859
normal_705.png,normal,209.007,786.334,0.0255,0.0945,448.178
normal_706.png,normal,201.203,811.976,0.0297,0.1031,458.637
normal_707.png,normal,192.28,825.932,0.0272,0.0968,463.195
normal_708.png,normal,209.289,779.198,0.0302,0.104,431.831
normal_709.png,normal,193.283,764.045,0.0322,0.1044,434.278
normal_710.png,normal,202.217,768.754,0.0343,0.0979,448.282
normal_711.png,normal,205.628,821.679,0.0261,0.0983,467.065
normal_712.png,normal,206.749,808.881,0.0327,0.099,456.338
normal_713.png,normal,209.124,763.464,0.03,0.1006,431.943
normal_714.png,normal,208.706,833.882,0.0298,0.1002,466.846
normal_715.png,normal,193.544,807.855,0.0323,0.0926,445.496
normal_716.png,normal,202.011,838.27,0.03,0.0977,469.18
normal_717.png,normal,208.318,826.237,0.0277,0.1093,468.82
normal_718.png,normal,199.057,763.337,0.0291,0.104,459.937
normal_719.png,normal,195.978,820.149,0.0336,0.1042,467.42
porosity_0.png,porosity,170.208,824.787,0.0334,0.0957,463.892
porosity_1.png,porosity,171.621,831.403,0.026,0.1074,459.58
porosity_2.png,porosity,169.404,814.763,0.0326,0.1009,454.135
porosity_3.png,porosity,173.437,766.093,0.0335,0.0901,448.653
porosity_4.png,porosity,163.015,757.288,0.0321,0.1005,468.28
porosity_5.png,porosity,158.023,811.37,0.0312,0.1092,457.302
porosity_6.png,porosity,160.605,756.547,0.0317,0.1055,464.598
porosity_7.png,porosity,156.298,821.687,0.0254,0.0915,437.12
porosity_8.png,porosity,168.899,817.33,0.0303,0.1028,454.734
porosity_9.png,porosity,157.451,829.677,0.0335,0.0959,455.362
porosity_10.png,porosity,166.774,768.399,0.0312,0.0951,434.585
porosity_11.png,porosity,157.642,840.012,0.0282,0.099,454.654
porosity_12.png,porosity,165.166,785.874,0.0281,0.101,437.031
porosity_13.png,porosity,171.429,764.863,0.0289,0.1078,453.584
porosity_14.png,porosity,153.655,765.922,0.0307,0.1013,464.888
porosity_15.png,porosity,163.609,802.137,0.0333,0.1067,440.533
porosity_16.png,porosity,150.165,831.724,0.0285,0.1059,465.487
porosity_17.png,porosity,161.976,791.461,0.0283,0.0923,457.009
porosity_18.png,porosity,173.681,813.762,0.0338,0.1046,462.852
porosity_19.png,porosity,164.913,801.08,0.0267,0.1037,466.894
porosity_20.png,porosity,163.286,767.742,0.034,0.102,465.11
porosity_21.png,porosity,169.146,833.719,0.0308,0.0985,440.181
porosity_22.png,porosity,167.015,835.498,0.0292,0.0973,441.022
porosity_23.png,porosity,151.301,828.608,0.033,0.1023,457.383
porosity_24.png,porosity,154.382,778.647,0.0346,0.0911,460.944
porosity_25.png,porosity,166.742,847.565,0.0259,0.0955,445.977
porosity_26.png,porosity,163.966,790.396,0.025,0.0935,450.25
porosity_27.png,porosity,155.51,798.197,0.0276,0.0977,461.546
porosity_28.png,porosity,154.992,844.712,0.0318,0.1082,449.96
porosity_29.png,porosity,174.61,848.536,0.034,0.1074,449.632
porosity_30.png,porosity,165.319,751.182,0.0271,0.1016,443.017
porosity_31.png,porosity,155.714,777.963,0.0268,0.0926,453.036
porosity_32.png,porosity,168.014,799.96,0.035,0.107,450.68
porosity_33.png,porosity,164.397,762.124,0.0337,0.1093,437.958
porosity_34.png,porosity,157.922,834.89,0.0257,0.0932,439.129
porosity_35.png,porosity,155.264,773.463,0.0275,0.1049,459.99
porosity_36.png,porosity,154.265,823.759,0.0294,0.0925,451.07
porosity_37.png,porosity,165.896,819.762,0.0268,0.102,455.242
porosity_38.png,porosity,161.927,796.92,0.0251,0.1084,467.878
porosity_39.png,porosity,155.515,774.99,0.0321,0.1029,463.137
porosity_40.png,porosity,157.24,830.881,0.0291,0.1071,437.296
porosity_41.png,porosity,161.592,784.191,0.0281,0.106,469.919
porosity_42.png,porosity,157.803,802.114,0.0348,0.0995,457.258
porosity_43.png,porosity,164.617,773.597,0.0293,0.0903,461.776
porosity_44.png,porosity,162.196,785.552,0.0265,0.1007,434.296
porosity_45.png,porosity,163.591,805.902,0.0304,0.0998,452.668
porosity_46.png,porosity,150.468,750.072,0.0314,0.0976,437.421
porosity_47.png,porosity,152.469,762.977,0.0337,0.094,449.415
porosity_48.png,porosity,167.711,805.802,0.0344,0.0983,444.763
porosity_49.png,porosity,172.071,813.862,0.0286,0.0992,456.61
porosity_50.png,porosity,168.147,782.465,0.0287,0.1053,447.224
porosity_51.png,porosity,167.243,772.189,0.0336,0.0904,462.878
porosity_52.png,porosity,168.357,831.107,0.0259,0.098,466.715
porosity_53.png,porosity,169.435,772.672,0.0315,0.102,430.457
porosity_54.png,porosity,152.064,772.209,0.0279,0.0979,435.288
porosity_55.png,porosity,167.118,802.425,0.0274,0.0953,447.203
porosity_56.png,porosity,171.319,831.817,0.027,0.0975,460.309
porosity_57.png,porosity,155.297,780.512,0.0297,0.0966,459.601
porosity_58.png,porosity,156.783,755.309,0.0315,0.0902,445.546
porosity_59.png,porosity,150.459,842.227,0.028,0.0998,459.776
porosity_60.png,porosity,153.819,811.245,0.0313,0.0945,439.614
porosity_61.png,porosity,166.406,840.956,0.0293,0.1082,460.802
porosity_62.png,porosity,169.061,777.38,0.0328,0.0921,437.39
porosity_63.png,porosity,150.375,763.751,0.0269,0.0906,460.582
porosity_64.png,porosity,165.288,754.183,0.0324,0.0976,442.516
porosity_65.png,porosity,157.148,768.985,0.0294,0.1077,460.947
porosity_66.png,porosity,159.827,767.977,0.0309,0.1079,451.856
porosity_67.png,porosity,167.682,759.119,0.0321,0.1027,433.412
porosity_68.png,porosity,169.135,768.07,0.034,0.1092,430.141
porosity_69.png,porosity,172.054,795.374,0.0294,0.102,430.263
porosity_70.png,porosity,166.802,842.038,0.0255,0.0983,437.13
porosity_71.png,porosity,163.116,763.455,0.0319,0.0955,451.082
porosity_72.png,porosity,172.092,799.64,0.0323,0.1,462.319
porosity_73.png,porosity,155.03,783.379,0.0306,0.1028,430.452
porosity_74.png,porosity,161.863,769.402,0.0333,0.1084,449.164
porosity_75.png,porosity,168.124,791.395,0.0324,0.1067,441.974
porosity_76.png,porosity,168.789,807.098,0.0289,0.1019,464.584
porosity_77.png,porosity,157.759,765.408,0.0284,0.0997,464.955
porosity_78.png,porosity,151.153,818.705,0.0309,0.0917,448.675
porosity_79.png,porosity,163.563,761.446,0.0346,0.1012,434.095
porosity_80.png,porosity,170.904,792.647,0.0268,0.1019,453.71
porosity_81.png,porosity,165.424,796.54,0.0273,0.0945,464.444
porosity_82.png,porosity,160.142,778.226,0.0285,0.1015,450.318
porosity_83.png,porosity,168.484,784.22,0.0319,0.0935,456.784
porosity_84.png,porosity,165.903,759.053,0.0332,0.1077,466.13
porosity_85.png,porosity,172.963,837.743,0.028,0.1059,457.182
porosity_86.png,porosity,165.63,778.221,0.0253,0.0986,453.607
porosity_87.png,porosity,153.431,838.489,0.0316,0.1095,435.431
porosity_88.png,porosity,167.622,804.617,0.0287,0.1096,452.726
porosity_89.png,porosity,166.718,811.007,0.0275,0.1026,456.549
porosity_90.png,porosity,154.227,822.697,0.0306,0.0912,448.926
porosity_91.png,porosity,165.096,811.58,0.0278,0.0951,459.657
porosity_92.png,porosity,168.359,773.795,0.0294,0.1028,438.434
porosity_93.png,porosity,173.181,797.459,0.0265,0.1074,430.475
porosity_94.png,porosity,166.797,808.418,0.0296,0.1035,439.672
porosity_95.png,porosity,167.702,815.661,0.0334,0.109,455.523
porosity_96.png,porosity,165.97,819.565,0.0275,0.0993,467.447
porosity_97.png,porosity,166.137,756.94,0.0348,0.094,445.705
porosity_98.png,porosity,162.443,757.041,0.0323,0.1055,430.751
porosity_99.png,porosity,174.79,818.926,0.0328,0.0924,451.412
porosity_100.png,porosity,152.669,846.751,0.0316,0.096,445.604
porosity_101.png,porosity,160.138,751.642,0.0284,0.0968,458.84
porosity_102.png,porosity,151.145,764.159,0.0315,0.0994,466.721
porosity_103.png,porosity,174.396,831.152,0.0348,0.1036,442.969
porosity_104.png,porosity,169.442,754.07,0.026,0.1069,454.498
porosity_105.png,porosity,165.996,830.741,0.0327,0.1038,438.246
porosity_106.png,porosity,165.662,836.273,0.0349,0.1002,448.569
porosity_107.png,porosity,172.252,786.419,0.0271,0.095,454.673
porosity_108.png,porosity,152.452,817.685,0.0283,0.1056,443.045
porosity_109.png,porosity,161.638,753.209,0.0307,0.0956,434.444
porosity_110.png,porosity,156.166,833.699,0.0278,0.1046,459.447
porosity_111.png,porosity,161.311,803.112,0.0298,0.106,462.852
porosity_112.png,porosity,174.411,766.18,0.0296,0.1014,453.346
porosity_113.png,porosity,165.511,811.25,0.0308,0.0941,457.387
porosity_114.png,porosity,155.966,756.701,0.0321,0.0941,469.25
porosity_115.png,porosity,158.631,776.736,0.0318,0.0955,432.535
porosity_116.png,porosity,154.119,789.068,0.0268,0.1092,433.078
porosity_117.png,porosity,157.288,763.203,0.0285,0.0989,455.787
porosity_118.png,porosity,161.45,798.615,0.0317,0.1006,451.939
porosity_119.png,porosity,155.948,833.933,0.0319,0.1033,436.139
porosity_120.png,porosity,157.539,784.385,0.0287,0.1008,436.504
porosity_121.png,porosity,174.852,779.556,0.034,0.1094,460.166
porosity_122.png,porosity,150.564,808.343,0.0272,0.1087,441.117
porosity_123.png,porosity,155.392,784.492,0.0281,0.0989,452.441
porosity_124.png,porosity,160.237,756.612,0.0346,0.1051,433.538
porosity_125.png,porosity,150.061,780.391,0.0306,0.0993,431.074
porosity_126.png,porosity,162.012,799.305,0.0347,0.102,444.47
porosity_127.png,porosity,172.803,763.55,0.0266,0.0955,446.781
porosity_128.png,porosity,152.396,818.497,0.028,0.1037,457.534
porosity_129.png,porosity,172.901,821.255,0.032,0.1061,446.694
porosity_130.png,porosity,152.965,847.011,0.0267,0.0961,459.778
porosity_131.png,porosity,169.826,827.469,0.0326,0.0909,434.313
porosity_132.png,porosity,162.516,844.184,0.0345,0.097,436.422
porosity_133.png,porosity,158.871,808.938,0.0294,0.1092,437.234
porosity_134.png,porosity,174.404,761.572,0.0278,0.102,442.48
porosity_135.png,porosity,164.764,815.855,0.0259,0.0929,446.025
porosity_136.png,porosity,164.841,792.47,0.03,0.1053,460.639
porosity_137.png,porosity,165.549,847.207,0.0288,0.1036,436.109
porosity_138.png,porosity,173.815,776.167,0.0284,0.1072,451.865
porosity_139.png,porosity,160.767,815.941,0.0328,0.1077,436.566
porosity_140.png,porosity,158.819,789.138,0.0299,0.1094,454.678
porosity_141.png,porosity,155.866,849.195,0.0291,0.0911,439.769
porosity_142.png,porosity,157.913,792.117,0.0252,0.0994,430.889
porosity_143.png,porosity,151.188,828.715,0.0334,0.1007,441.494
porosity_144.png,porosity,160.358,800.464,0.028,0.1033,442.534
porosity_145.png,porosity,165.361,824.221,0.0297,0.1087,451.309
porosity_146.png,porosity,169.926,773.613,0.0274,0.093,431.108
porosity_147.png,porosity,172.413,754.223,0.0322,0.1056,432.213
porosity_148.png,porosity,163.132,762.064,0.0316,0.1016,461.005
porosity_149.png,porosity,173.718,775.431,0.0309,0.0998,444.988
porosity_150.png,porosity,166.79,823.945,0.033,0.0911,466.698
porosity_151.png,porosity,157.436,841.793,0.028,0.1087,460.267
porosity_152.png,porosity,150.684,810.212,0.0331,0.1048,448.13
porosity_153.png,porosity,170.766,758.223,0.0266,0.1003,468.787
porosity_154.png,porosity,154.957,814.711,0.0313,0.1081,468.965
porosity_155.png,porosity,159.552,844.605,0.0331,0.0953,459.858
porosity_156.png,porosity,158.081,818.427,0.0296,0.0902,435.328
porosity_157.png,porosity,153.306,800.454,0.0288,0.1096,456.85
porosity_158.png,porosity,169.039,842.624,0.0278,0.1075,454.517
porosity_159.png,porosity,152.901,768.314,0.0297,0.0933,448.685
porosity_160.png,porosity,174.95,832.257,0.0306,0.1033,438.496
porosity_161.png,porosity,173.78,818.131,0.0318,0.0979,453.614
porosity_162.png,porosity,159.971,755.554,0.0257,0.109,445.256
porosity_163.png,porosity,153.282,793.236,0.0331,0.0962,457.398
porosity_164.png,porosity,163.182,817.644,0.0315,0.1043,467.227
porosity_165.png,porosity,156.335,792.491,0.0259,0.1032,452.739
porosity_166.png,porosity,158.533,822.409,0.0326,0.099,462.313
porosity_167.png,porosity,170.116,811.674,0.0319,0.1093,457.004
porosity_168.png,porosity,152.152,774.178,0.0334,0.1072,451.543
porosity_169.png,porosity,174.976,791.569,0.03,0.1016,459.243
porosity_170.png,porosity,160.428,792.2,0.0282,0.0913,465.715
porosity_171.png,porosity,157.335,810.21,0.0334,0.1031,435.246
porosity_172.png,porosity,158.926,770.943,0.0255,0.0904,465.236
porosity_173.png,porosity,156.687,784.032,0.0286,0.0909,465.109
porosity_174.png,porosity,154.176,835.839,0.026,0.1012,450.292
porosity_175.png,porosity,174.241,786.374,0.0332,0.0925,438.076
porosity_176.png,porosity,161.064,845.184,0.0302,0.1036,467.75
porosity_177.png,porosity,170.675,837.355,0.0322,0.0963,443.766
porosity_178.png,porosity,174.798,783.449,0.0323,0.1048,435.04
porosity_179.png,porosity,171.04,780.394,0.0292,0.1001,459.279
porosity_180.png,porosity,158.758,839.434,0.0313,0.1007,453.822
porosity_181.png,porosity,160.622,764.655,0.0293,0.0982,433.69
porosity_182.png,porosity,174.332,792.342,0.0294,0.1086,449.582
porosity_183.png,porosity,157.582,754.028,0.0265,0.0974,469.641
porosity_184.png,porosity,169.534,791.758,0.0307,0.1013,466.011
porosity_185.png,porosity,161.077,840.024,0.0284,0.0909,456.818
porosity_186.png,porosity,162.566,825.762,0.0346,0.1004,460.022
porosity_187.png,porosity,171.549,830.692,0.0311,0.098,431.799
porosity_188.png,porosity,173.804,778.535,0.0268,0.1054,436.169
porosity_189.png,porosity,160.177,788.505,0.0262,0.0912,448.593
porosity_190.png,porosity,174.633,813.58,0.027,0.1094,444.932
porosity_191.png,porosity,167.461,766.142,0.0303,0.0914,433.589
porosity_192.png,porosity,154.338,842.226,0.0311,0.0901,430.383
porosity_193.png,porosity,159.262,833.915,0.0331,0.1097,434.991
porosity_194.png,porosity,157.019,821.781,0.0273,0.0999,444.52
porosity_195.png,porosity,169.556,775.962,0.0307,0.0946,450.923
porosity_196.png,porosity,160.172,815.003,0.0335,0.0965,463.774
porosity_197.png,porosity,172.002,803.241,0.0282,0.0978,443.388
porosity_198.png,porosity,173.589,784.08,0.0255,0.0967,461.764
porosity_199.png,porosity,155.828,779.492,0.0288,0.0919,460.079
porosity_200.png,porosity,164.33,809.518,0.0257,0.1058,437.745
porosity_201.png,porosity,166.442,810.333,0.0279,0.1094,450.707
porosity_202.png,porosity,164.994,784.155,0.0317,0.1039,469.277
porosity_203.png,porosity,158.288,812.392,0.0274,0.1047,468.104
porosity_204.png,porosity,154.9,776.2,0.0267,0.107,439.839
porosity_205.png,porosity,169.976,786.964,0.0287,0.0934,451.077
porosity_206.png,porosity,165.736,835.444,0.0279,0.093,439.887
porosity_207.png,porosity,163.137,787.427,0.0302,0.0936,458.499
porosity_208.png,porosity,152.119,787.708,0.0266,0.1068,440.181
porosity_209.png,porosity,169.647,758.242,0.0334,0.1003,455.746
lack_of_fusion_0.png,lack_of_fusion,147.501,961.782,0.0305,0.0967,457.004
lack_of_fusion_1.png,lack_of_fusion,156.294,889.17,0.0264,0.1071,458.647
lack_of_fusion_2.png,lack_of_fusion,159.659,920.801,0.029,0.0981,453.198
lack_of_fusion_3.png,lack_of_fusion,157.61,932.892,0.0322,0.0942,439.349
lack_of_fusion_4.png,lack_of_fusion,152.531,915.802,0.0335,0.0986,467.677
lack_of_fusion_5.png,lack_of_fusion,164.312,975.145,0.0263,0.1089,430.387
lack_of_fusion_6.png,lack_of_fusion,149.782,853.486,0.029,0.1056,451.504
lack_of_fusion_7.png,lack_of_fusion,158.235,980.042,0.0283,0.1026,454.12
lack_of_fusion_8.png,lack_of_fusion,168.858,945.85,0.0289,0.0995,443.154
lack_of_fusion_9.png,lack_of_fusion,140.805,879.85,0.0268,0.1065,454.135
lack_of_fusion_10.png,lack_of_fusion,140.331,899.016,0.0302,0.0991,444.746
lack_of_fusion_11.png,lack_of_fusion,168.653,979.855,0.0304,0.0996,432.751
lack_of_fusion_12.png,lack_of_fusion,149.309,880.446,0.0316,0.0932,453.004
lack_of_fusion_13.png,lack_of_fusion,164.227,928.878,0.0264,0.0913,445.969
lack_of_fusion_14.png,lack_of_fusion,153.689,955.047,0.0324,0.0958,465.24
lack_of_fusion_15.png,lack_of_fusion,161.997,918.674,0.0268,0.095,465.999
lack_of_fusion_16.png,lack_of_fusion,144.738,982.383,0.032,0.0909,465.422
lack_of_fusion_17.png,lack_of_fusion,152.338,964.279,0.0323,0.108,466.349
lack_of_fusion_18.png,lack_of_fusion,147.583,925.91,0.0327,0.0965,448.037
lack_of_fusion_19.png,lack_of_fusion,165.673,909.501,0.0325,0.0976,459.838
lack_of_fusion_20.png,lack_of_fusion,142.047,932.264,0.0283,0.105,449.39
lack_of_fusion_21.png,lack_of_fusion,143.015,894.122,0.0334,0.0934,430.723
lack_of_fusion_22.png,lack_of_fusion,145.338,957.162,0.0251,0.0955,447.626
lack_of_fusion_23.png,lack_of_fusion,161.492,984.551,0.0334,0.1062,455.64
lack_of_fusion_24.png,lack_of_fusion,167.865,906.197,0.025,0.1054,460.685
lack_of_fusion_25.png,lack_of_fusion,160.068,883.085,0.0349,0.0967,437.686
lack_of_fusion_26.png,lack_of_fusion,156.862,878.432,0.0292,0.0922,443.086
lack_of_fusion_27.png,lack_of_fusion,140.45,948.099,0.0273,0.0921,442.935
lack_of_fusion_28.png,lack_of_fusion,141.318,982.819,0.0316,0.0956,454.956
lack_of_fusion_29.png,lack_of_fusion,167.667,935.381,0.0349,0.1043,461.65
lack_of_fusion_30.png,lack_of_fusion,160.812,899.807,0.032,0.1036,468.895
lack_of_fusion_31.png,lack_of_fusion,157.551,907.356,0.0298,0.0967,454.341
lack_of_fusion_32.png,lack_of_fusion,143.722,885.459,0.0251,0.0904,460.358
lack_of_fusion_33.png,lack_of_fusion,146.132,855.686,0.0287,0.0959,436.067
lack_of_fusion_34.png,lack_of_fusion,155.626,996.635,0.0278,0.1029,460.42
lack_of_fusion_35.png,lack_of_fusion,141.622,987.652,0.0323,0.0969,438.233
lack_of_fusion_36.png,lack_of_fusion,158.893,859.693,0.0337,0.1004,437.342
lack_of_fusion_37.png,lack_of_fusion,145.21,932.327,0.0349,0.1088,435.022
lack_of_fusion_38.png,lack_of_fusion,152.721,940.878,0.0297,0.0933,437.901
lack_of_fusion_39.png,lack_of_fusion,168.53,903.937,0.027,0.1072,449.247
lack_of_fusion_40.png,lack_of_fusion,168.613,922.3,0.0311,0.0987,436.235
lack_of_fusion_41.png,lack_of_fusion,161.799,888.594,0.0342,0.1019,436.112
lack_of_fusion_42.png,lack_of_fusion,154.078,873.209,0.0311,0.0914,435.466
lack_of_fusion_43.png,lack_of_fusion,168.209,995.574,0.0323,0.0998,467.028
lack_of_fusion_44.png,lack_of_fusion,167.648,907.724,0.0309,0.0982,431.553
lack_of_fusion_45.png,lack_of_fusion,155.288,923.293,0.0276,0.1083,458.89
lack_of_fusion_46.png,lack_of_fusion,141.035,971.969,0.0343,0.1047,439.694
lack_of_fusion_47.png,lack_of_fusion,144.421,887.112,0.0265,0.1021,467.771
lack_of_fusion_48.png,lack_of_fusion,151.93,937.924,0.0327,0.1029,466.675
lack_of_fusion_49.png,lack_of_fusion,155.019,929.98,0.0267,0.0985,457.673
lack_of_fusion_50.png,lack_of_fusion,159.085,966.504,0.0338,0.1046,433.555
lack_of_fusion_51.png,lack_of_fusion,145.052,923.758,0.0325,0.104,430.257
lack_of_fusion_52.png,lack_of_fusion,145.292,877.96,0.0292,0.0958,447.238
lack_of_fusion_53.png,lack_of_fusion,146.028,962.487,0.0261,0.1013,438.503
lack_of_fusion_54.png,lack_of_fusion,159.093,861.971,0.0294,0.1083,434.368
lack_of_fusion_55.png,lack_of_fusion,162.816,851.426,0.0253,0.0947,449.408
lack_of_fusion_56.png,lack_of_fusion,151.27,928.011,0.0254,0.0942,461.671
lack_of_fusion_57.png,lack_of_fusion,169.983,972.527,0.0293,0.0974,465.606
lack_of_fusion_58.png,lack_of_fusion,140.093,980.581,0.0348,0.1075,462.251
lack_of_fusion_59.png,lack_of_fusion,147.456,917.788,0.0303,0.109,460.058
lack_of_fusion_60.png,lack_of_fusion,168.258,898.328,0.0316,0.0901,455.523
lack_of_fusion_61.png,lack_of_fusion,154.536,960.881,0.0324,0.1036,439.342
lack_of_fusion_62.png,lack_of_fusion,167.156,960.142,0.0343,0.1097,464.284
lack_of_fusion_63.png,lack_of_fusion,155.139,869.179,0.0302,0.1014,464.272
lack_of_fusion_64.png,lack_of_fusion,168.652,922.325,0.0349,0.0993,465.856
lack_of_fusion_65.png,lack_of_fusion,169.801,854.383,0.0344,0.104,434.219
lack_of_fusion_66.png,lack_of_fusion,143.693,870.363,0.0276,0.0995,465.9
lack_of_fusion_67.png,lack_of_fusion,162.99,940.102,0.0319,0.1074,467.271
lack_of_fusion_68.png,lack_of_fusion,156.857,978.421,0.0324,0.0976,455.684
lack_of_fusion_69.png,lack_of_fusion,145.645,991.301,0.0261,0.0968,453.688
lack_of_fusion_70.png,lack_of_fusion,157.702,878.479,0.0288,0.1047,442.432
lack_of_fusion_71.png,lack_of_fusion,158.049,883.321,0.0318,0.1059,450.79
lack_of_fusion_72.png,lack_of_fusion,154.995,918.368,0.0264,0.1089,463.489
lack_of_fusion_73.png,lack_of_fusion,149.267,998.55,0.033,0.1041,453.955
lack_of_fusion_74.png,lack_of_fusion,161.124,906.506,0.0298,0.1066,449.801
lack_of_fusion_75.png,lack_of_fusion,141.577,979.815,0.0323,0.1062,458.016
lack_of_fusion_76.png,lack_of_fusion,140.647,908.843,0.0332,0.1082,436.368
lack_of_fusion_77.png,lack_of_fusion,148.471,988.46,0.0289,0.0914,459.07
lack_of_fusion_78.png,lack_of_fusion,168.037,895.611,0.0329,0.1073,432.165
lack_of_fusion_79.png,lack_of_fusion,164.131,879.348,0.0298,0.1079,438.391
lack_of_fusion_80.png,lack_of_fusion,151.297,997.405,0.026,0.1057,464.337
lack_of_fusion_81.png,lack_of_fusion,169.408,947.515,0.0347,0.0936,432.099
lack_of_fusion_82.png,lack_of_fusion,154.659,953.198,0.029,0.0907,439.634
lack_of_fusion_83.png,lack_of_fusion,153.91,972.729,0.0349,0.1034,433.584
lack_of_fusion_84.png,lack_of_fusion,159.242,986.272,0.0251,0.0923,434.882
lack_of_fusion_85.png,lack_of_fusion,157.786,907.594,0.0298,0.1039,433.782
lack_of_fusion_86.png,lack_of_fusion,156.125,910.8,0.0283,0.1043,464.488
lack_of_fusion_87.png,lack_of_fusion,157.542,957.062,0.0331,0.0998,450.756
lack_of_fusion_88.png,lack_of_fusion,160.856,850.799,0.0316,0.0923,464.48
lack_of_fusion_89.png,lack_of_fusion,165.544,855.251,0.0271,0.0932,452.5
lack_of_fusion_90.png,lack_of_fusion,147.45,856.925,0.0267,0.1095,456.326
lack_of_fusion_91.png,lack_of_fusion,169.581,902.818,0.0308,0.1039,450.907
lack_of_fusion_92.png,lack_of_fusion,148.991,974.894,0.0332,0.0947,437.523
lack_of_fusion_93.png,lack_of_fusion,156.495,889.101,0.0278,0.1046,446.881
lack_of_fusion_94.png,lack_of_fusion,156.077,860.584,0.0275,0.0985,457.781
lack_of_fusion_95.png,lack_of_fusion,158.148,912.953,0.0287,0.1031,462.82
lack_of_fusion_96.png,lack_of_fusion,143.739,866.499,0.0253,0.1021,433.101
lack_of_fusion_97.png,lack_of_fusion,166.066,883.865,0.0286,0.0967,440.93
lack_of_fusion_98.png,lack_of_fusion,145.272,959.249,0.0288,0.0921,467.025
lack_of_fusion_99.png,lack_of_fusion,156.546,941.12,0.0303,0.104,464.616
lack_of_fusion_100.png,lack_of_fusion,163.662,932.751,0.0268,0.1061,457.112
lack_of_fusion_101.png,lack_of_fusion,144.28,935.134,0.0319,0.1043,456.303
lack_of_fusion_102.png,lack_of_fusion,152.547,918.668,0.0287,0.1056,457.129
lack_of_fusion_103.png,lack_of_fusion,166.442,972.103,0.0278,0.0986,467.667
lack_of_fusion_104.png,lack_of_fusion,142.384,959.493,0.0291,0.0963,433.606
lack_of_fusion_105.png,lack_of_fusion,140.321,992.26,0.0279,0.1086,462.334
lack_of_fusion_106.png,lack_of_fusion,155.972,868.704,0.03,0.1037,457.071
lack_of_fusion_107.png,lack_of_fusion,150.352,999.133,0.0251,0.0985,451.373
lack_of_fusion_108.png,lack_of_fusion,162.911,985.57,0.0295,0.0934,467.207
lack_of_fusion_109.png,lack_of_fusion,145.115,995.459,0.0285,0.091,449.82
lack_of_fusion_110.png,lack_of_fusion,148.806,881.96,0.0327,0.0924,441.967
lack_of_fusion_111.png,lack_of_fusion,166.803,990.312,0.0343,0.1092,450.621
lack_of_fusion_112.png,lack_of_fusion,150.492,958.365,0.0296,0.096,434.287
lack_of_fusion_113.png,lack_of_fusion,152.322,986.966,0.027,0.1006,465.94
lack_of_fusion_114.png,lack_of_fusion,166.766,930.464,0.0297,0.0975,444.58
lack_of_fusion_115.png,lack_of_fusion,140.174,982.536,0.0294,0.0928,459.884
lack_of_fusion_116.png,lack_of_fusion,144.809,879.849,0.0289,0.1049,466.04
lack_of_fusion_117.png,lack_of_fusion,143.823,962.663,0.0299,0.0999,457.269
lack_of_fusion_118.png,lack_of_fusion,163.781,868.919,0.0333,0.0926,468.307
lack_of_fusion_119.png,lack_of_fusion,157.913,851.204,0.0255,0.1066,447.187
lack_of_fusion_120.png,lack_of_fusion,145.606,892.171,0.0293,0.1024,459.17
lack_of_fusion_121.png,lack_of_fusion,164.299,955.172,0.0332,0.094,458.258
lack_of_fusion_122.png,lack_of_fusion,143.969,855.755,0.0309,0.1027,439.175
lack_of_fusion_123.png,lack_of_fusion,149.193,944.996,0.0259,0.091,446.292
lack_of_fusion_124.png,lack_of_fusion,148.077,892.083,0.0301,0.1029,442.172
lack_of_fusion_125.png,lack_of_fusion,149.649,892.798,0.0268,0.09,456.417
lack_of_fusion_126.png,lack_of_fusion,142.907,852.049,0.0345,0.0973,442.174
lack_of_fusion_127.png,lack_of_fusion,151.148,947.537,0.0286,0.1056,451.154
lack_of_fusion_128.png,lack_of_fusion,157.597,986.827,0.0263,0.1049,434.814
lack_of_fusion_129.png,lack_of_fusion,149.044,921.13,0.026,0.1088,454.76
lack_of_fusion_130.png,lack_of_fusion,166.312,978.016,0.0269,0.101,440.101
lack_of_fusion_131.png,lack_of_fusion,152.57,989.7,0.0322,0.1082,432.708
lack_of_fusion_132.png,lack_of_fusion,141.824,995.871,0.0347,0.0958,468.232
lack_of_fusion_133.png,lack_of_fusion,155.278,934.375,0.0301,0.0915,447.51
lack_of_fusion_134.png,lack_of_fusion,140.266,989.294,0.025,0.1014,453.685
lack_of_fusion_135.png,lack_of_fusion,148.055,867.866,0.0276,0.107,441.855
lack_of_fusion_136.png,lack_of_fusion,143.989,981.007,0.0314,0.1088,441.11
lack_of_fusion_137.png,lack_of_fusion,158.98,995.833,0.0271,0.0923,455.946
lack_of_fusion_138.png,lack_of_fusion,148.847,997.789,0.0276,0.0927,465.933
lack_of_fusion_139.png,lack_of_fusion,156.122,996.814,0.0347,0.0935,468.864
surface_irregularity_0.png,surface_irregularity,205.564,828.051,0.0261,0.1462,445.279
surface_irregularity_1.png,surface_irregularity,207.401,813.431,0.0305,0.1308,438.826
surface_irregularity_2.png,surface_irregularity,201.633,830.773,0.0325,0.1491,439.269
surface_irregularity_3.png,surface_irregularity,197.373,840.217,0.0259,0.1545,437.401
surface_irregularity_4.png,surface_irregularity,193.777,799.052,0.0323,0.1265,430.842
surface_irregularity_5.png,surface_irregularity,193.555,789.42,0.0311,0.1298,432.882
surface_irregularity_6.png,surface_irregularity,208.183,847.039,0.026,0.1523,459.071
surface_irregularity_7.png,surface_irregularity,202.066,787.788,0.0252,0.1458,460.538
surface_irregularity_8.png,surface_irregularity,190.875,774.834,0.0258,0.1205,455.095
surface_irregularity_9.png,surface_irregularity,209.327,845.762,0.0261,0.1483,443.536
surface_irregularity_10.png,surface_irregularity,194.046,798.043,0.0306,0.1333,436.526
surface_irregularity_11.png,surface_irregularity,193.09,755.588,0.0319,0.153,434.923
surface_irregularity_12.png,surface_irregularity,192.056,779.674,0.0301,0.1565,435.673
surface_irregularity_13.png,surface_irregularity,190.48,792.714,0.0265,0.1552,439.035
surface_irregularity_14.png,surface_irregularity,197.695,838.422,0.0332,0.1244,436.782
surface_irregularity_15.png,surface_irregularity,192.035,845.585,0.0286,0.1569,434.734
surface_irregularity_16.png,surface_irregularity,208.397,839.559,0.031,0.144,451.219
surface_irregularity_17.png,surface_irregularity,203.589,765.022,0.0317,0.1339,462.703
surface_irregularity_18.png,surface_irregularity,192.078,841.623,0.0316,0.1485,462.429
surface_irregularity_19.png,surface_irregularity,191.527,750.218,0.0343,0.1328,456.234
surface_irregularity_20.png,surface_irregularity,197.812,822.134,0.0329,0.1431,432.693
surface_irregularity_21.png,surface_irregularity,209.192,777.848,0.0259,0.1354,437.275
surface_irregularity_22.png,surface_irregularity,196.386,792.383,0.0319,0.1333,461.74
surface_irregularity_23.png,surface_irregularity,206.043,815.395,0.0275,0.1414,449.884
surface_irregularity_24.png,surface_irregularity,200.649,832.14,0.0288,0.1431,446.874
surface_irregularity_25.png,surface_irregularity,203.87,824.828,0.032,0.1598,430.115
surface_irregularity_26.png,surface_irregularity,190.343,805.837,0.0346,0.134,432.383
surface_irregularity_27.png,surface_irregularity,206.975,836.677,0.0332,0.1541,435.766
surface_irregularity_28.png,surface_irregularity,209.436,841.295,0.0274,0.1255,432.235
surface_irregularity_29.png,surface_irregularity,209.241,820.396,0.0288,0.1349,468.597
surface_irregularity_30.png,surface_irregularity,204.028,816.275,0.0257,0.1212,464.819
surface_irregularity_31.png,surface_irregularity,197.305,757.899,0.0258,0.126,462.548
surface_irregularity_32.png,surface_irregularity,193.648,824.356,0.0325,0.1365,441.98
surface_irregularity_33.png,surface_irregularity,196.747,828.14,0.032,0.1552,436.235
surface_irregularity_34.png,surface_irregularity,190.642,825.113,0.03,0.1472,463.307
surface_irregularity_35.png,surface_irregularity,207.52,805.416,0.0333,0.1484,450.075
surface_irregularity_36.png,surface_irregularity,198.473,765.68,0.0347,0.125,469.117
surface_irregularity_37.png,surface_irregularity,194.237,811.904,0.0272,0.1424,459.84
surface_irregularity_38.png,surface_irregularity,206.834,831.656,0.0297,0.1531,455.676
surface_irregularity_39.png,surface_irregularity,193.296,830.334,0.0315,0.1231,434.336
surface_irregularity_40.png,surface_irregularity,202.064,834.661,0.0253,0.1226,451.663
surface_irregularity_41.png,surface_irregularity,201.942,825.652,0.0281,0.1213,455.536
surface_irregularity_42.png,surface_irregularity,195.383,847.666,0.0306,0.1218,461.609
surface_irregularity_43.png,surface_irregularity,196.292,844.351,0.0251,0.1359,441.296
surface_irregularity_44.png,surface_irregularity,193.898,825.184,0.0323,0.1239,458.106
surface_irregularity_45.png,surface_irregularity,198.146,824.145,0.026,0.1435,436.007
surface_irregularity_46.png,surface_irregularity,197.642,808.636,0.0335,0.1385,436.062
surface_irregularity_47.png,surface_irregularity,207.704,759.329,0.0322,0.1462,462.299
surface_irregularity_48.png,surface_irregularity,205.377,766.105,0.0346,0.1461,459.149
surface_irregularity_49.png,surface_irregularity,208.605,784.142,0.0329,0.1542,444.413
surface_irregularity_50.png,surface_irregularity,198.618,839.068,0.0327,0.1444,438.353
surface_irregularity_51.png,surface_irregularity,191.5,765.24,0.0313,0.1257,462.189
surface_irregularity_52.png,surface_irregularity,207.409,804.714,0.0347,0.1238,433.487
surface_irregularity_53.png,surface_irregularity,196.274,843.406,0.0266,0.1236,444.533
surface_irregularity_54.png,surface_irregularity,193.584,827.194,0.0276,0.1551,440.241
surface_irregularity_55.png,surface_irregularity,203.006,764.045,0.0262,0.1544,431.584
surface_irregularity_56.png,surface_irregularity,198.019,835.7,0.0342,0.1538,444.669
surface_irregularity_57.png,surface_irregularity,209.041,787.368,0.0318,0.155,440.513
surface_irregularity_58.png,surface_irregularity,203.651,812.061,0.0314,0.1528,439.793
surface_irregularity_59.png,surface_irregularity,190.159,835.306,0.0279,0.1229,445.971
surface_irregularity_60.png,surface_irregularity,197.764,796.228,0.0259,0.156,455.699
surface_irregularity_61.png,surface_irregularity,199.297,758.582,0.0323,0.1507,466.9
surface_irregularity_62.png,surface_irregularity,193.989,782.872,0.0282,0.1481,449.452
surface_irregularity_63.png,surface_irregularity,199.524,777.838,0.0254,0.1456,448.799
surface_irregularity_64.png,surface_irregularity,196.404,753.132,0.031,0.1345,467.458
surface_irregularity_65.png,surface_irregularity,198.602,797.341,0.0255,0.1473,468.106
surface_irregularity_66.png,surface_irregularity,195.397,813.569,0.0258,0.1319,446.203
surface_irregularity_67.png,surface_irregularity,204.244,837.129,0.0302,0.1532,440.378
surface_irregularity_68.png,surface_irregularity,191.849,840.164,0.0284,0.134,436.581
surface_irregularity_69.png,surface_irregularity,198.382,797.55,0.0319,0.1342,457.868
surface_irregularity_70.png,surface_irregularity,203.858,788.914,0.0251,0.1231,453.885
surface_irregularity_71.png,surface_irregularity,203.359,811.651,0.0282,0.1497,467.559
surface_irregularity_72.png,surface_irregularity,204.734,781.652,0.0265,0.1546,435.899
surface_irregularity_73.png,surface_irregularity,192.272,846.998,0.0291,0.138,430.147
surface_irregularity_74.png,surface_irregularity,206.65,762.572,0.0295,0.1287,433.898
surface_irregularity_75.png,surface_irregularity,209.581,792.018,0.0305,0.1339,445.102
surface_irregularity_76.png,surface_irregularity,209.048,847.174,0.0308,0.1206,462.551
surface_irregularity_77.png,surface_irregularity,207.933,800.209,0.0337,0.1382,455.956
surface_irregularity_78.png,surface_irregularity,198.208,785.221,0.0304,0.1245,460.603
surface_irregularity_79.png,surface_irregularity,193.516,792.838,0.0268,0.1353,451.711
surface_irregularity_80.png,surface_irregularity,206.902,818.855,0.0294,0.157,454.815
surface_irregularity_81.png,surface_irregularity,207.14,849.536,0.0331,0.1447,455.985
surface_irregularity_82.png,surface_irregularity,198.226,799.64,0.0325,0.1378,433.988
surface_irregularity_83.png,surface_irregularity,201.625,753.264,0.0279,0.1382,438.915
surface_irregularity_84.png,surface_irregularity,197.622,769.556,0.0297,0.1566,468.705
overmelting_0.png,overmelting,238.508,824.115,0.0251,0.0975,515.184
overmelting_1.png,overmelting,242.437,829.514,0.0291,0.0948,480.621
overmelting_2.png,overmelting,247.166,801.896,0.0324,0.0963,497.201
overmelting_3.png,overmelting,233.866,814.443,0.0333,0.106,505.451
overmelting_4.png,overmelting,245.128,801.728,0.0294,0.092,505.258
overmelting_5.png,overmelting,230.769,833.734,0.0266,0.0964,480.462
overmelting_6.png,overmelting,252.27,820.758,0.0342,0.0916,485.222
overmelting_7.png,overmelting,246.063,785.812,0.0274,0.108,489.81
overmelting_8.png,overmelting,247.381,777.496,0.0343,0.1025,484.137
overmelting_9.png,overmelting,255.339,764.184,0.0276,0.0936,516.509
overmelting_10.png,overmelting,236.309,829.544,0.0291,0.0997,496.796
overmelting_11.png,overmelting,247.019,830.855,0.0268,0.0902,504.266
overmelting_12.png,overmelting,234.752,849.374,0.0298,0.1023,509.668
overmelting_13.png,overmelting,240.947,803.595,0.0302,0.1052,515.943
overmelting_14.png,overmelting,235.977,758.344,0.0319,0.0925,483.679
overmelting_15.png,overmelting,235.792,824.519,0.03,0.1003,486.918
overmelting_16.png,overmelting,236.175,760.289,0.0329,0.1018,508.882
overmelting_17.png,overmelting,242.879,824.708,0.0332,0.1025,502.686
overmelting_18.png,overmelting,242.294,794.94,0.0339,0.1092,504.155
overmelting_19.png,overmelting,240.732,752.994,0.0268,0.0965,482.906
overmelting_20.png,overmelting,239.866,827.951,0.0262,0.0964,498.615
overmelting_21.png,overmelting,238.341,788.559,0.031,0.1005,504.316
overmelting_22.png,overmelting,235.945,814.627,0.0318,0.0987,481.986
overmelting_23.png,overmelting,247.735,777.442,0.0262,0.0991,489.457
overmelting_24.png,overmelting,233.932,828.331,0.0308,0.0901,518.674
overmelting_25.png,overmelting,254.075,753.912,0.0314,0.0914,508.93
overmelting_26.png,overmelting,241.8,790.034,0.0306,0.0963,507.858
overmelting_27.png,overmelting,230.879,846.715,0.0262,0.0975,481.913
overmelting_28.png,overmelting,235.735,782.286,0.0319,0.0987,516.091
overmelting_29.png,overmelting,233.324,843.411,0.0337,0.0952,517.886
overmelting_30.png,overmelting,234.133,811.275,0.0331,0.0954,498.428
overmelting_31.png,overmelting,243.403,825.303,0.0339,0.1093,484.895
overmelting_32.png,overmelting,236.775,816.127,0.0348,0.0964,490.552
overmelting_33.png,overmelting,250.849,833.554,0.0274,0.1029,483.006
overmelting_34.png,overmelting,240.214,817.05,0.0297,0.0977,512.56
overmelting_35.png,overmelting,245.135,826.049,0.0281,0.0991,516.565
overmelting_36.png,overmelting,232.059,795.243,0.0312,0.0941,496.924
overmelting_37.png,overmelting,233.306,807.724,0.026,0.0992,480.664
overmelting_38.png,overmelting,246.509,797.624,0.0303,0.097,494.177
overmelting_39.png,overmelting,231.474,793.085,0.0283,0.0988,495.301
overmelting_40.png,overmelting,243.007,790.269,0.0309,0.1006,507.246
overmelting_41.png,overmelting,231.975,771.958,0.0255,0.0907,484.041
overmelting_42.png,overmelting,250.751,790.456,0.0289,0.0944,499.807
overmelting_43.png,overmelting,245.097,778.799,0.031,0.1047,508.019
overmelting_44.png,overmelting,239.965,818.794,0.0267,0.1036,498.209
crack_0.png,crack,193.55,776.383,0.0258,0.1036,379.7
crack_1.png,crack,206.707,802.527,0.0267,0.0929,365.23
crack_2.png,crack,204.203,839.137,0.0327,0.1071,379.787
crack_3.png,crack,207.125,815.937,0.0264,0.1,387.051
crack_4.png,crack,209.747,837.609,0.0267,0.1082,366.56
crack_5.png,crack,209.389,799.893,0.0319,0.0993,398.334
crack_6.png,crack,191.064,780.582,0.0293,0.1032,362.572
crack_7.png,crack,195.816,753.214,0.0343,0.095,369.312
crack_8.png,crack,203.666,769.951,0.0264,0.1011,354.28
crack_9.png,crack,199.331,846.145,0.0296,0.1083,388.338
crack_10.png,crack,192.545,804.327,0.0307,0.0959,369.633
crack_11.png,crack,196.67,759.74,0.0279,0.0996,353.043
crack_12.png,crack,192.294,750.004,0.031,0.0924,360.215
crack_13.png,crack,209.654,832.027,0.0334,0.1009,384.066
crack_14.png,crack,195.789,760.002,0.0309,0.0973,369.291
crack_15.png,crack,190.559,795.708,0.0306,0.0902,382.255
crack_16.png,crack,208.051,802.506,0.0301,0.0935,382.797
crack_17.png,crack,192.588,782.408,0.0346,0.097,370.189
crack_18.png,crack,203.305,799.943,0.0318,0.0965,388.587
crack_19.png,crack,205.267,810.653,0.0334,0.1085,384.936
crack_20.png,crack,194.024,766.209,0.0331,0.1062,379.105
crack_21.png,crack,206.648,807.037,0.0297,0.097,377.935
crack_22.png,crack,207.48,806.915,0.0263,0.1003,374.936
crack_23.png,crack,208.445,775.138,0.032,0.0914,398.406
crack_24.png,crack,200.919,839.181,0.0308,0.1087,382.662
